{
  "classification": {
    "RandomForest": {
      "accuracy": 0.6347211311861743
    },
    "XGBoost": {
      "accuracy": 0.6417910447761194
    },
    "LightGBM": {
      "accuracy": 0.6402199528672428
    },
    "CatBoost": {
      "accuracy": 0.6237234878240377
    }
  },
  "regression_conc": {
    "RandomForest": {
      "rmse": 0.8066494569162079,
      "r2": 0.4733441579258829
    },
    "XGBoost": {
      "rmse": 0.8302900826901788,
      "r2": 0.4420222057680756
    },
    "LightGBM": {
      "rmse": 0.8183774719555839,
      "r2": 0.45791854991669523
    },
    "CatBoost": {
      "rmse": 0.8139094771409608,
      "r2": 0.46382146292789517
    }
  },
  "regression_ph": {
    "RandomForest": {
      "rmse": 0.18671202561909664,
      "r2": 0.9876802521926509
    },
    "XGBoost": {
      "rmse": 0.19961100688316769,
      "r2": 0.9859192364033489
    },
    "LightGBM": {
      "rmse": 0.19637348245322322,
      "r2": 0.986372288834982
    },
    "CatBoost": {
      "rmse": 0.1370799421416206,
      "r2": 0.9933594345518977
    }
  }
}