{
  "classification": {
    "RandomForest": {
      "accuracy": 0.5930871956009427
    },
    "XGBoost": {
      "accuracy": 0.6087981146897093
    },
    "LightGBM": {
      "accuracy": 0.6111547525530243
    },
    "CatBoost": {
      "accuracy": 0.5993715632364494
    }
  },
  "regression_ph": {
    "RandomForest": {
      "rmse": 0.4036593473544159,
      "r2": 0.9427210377999635
    },
    "XGBoost": {
      "rmse": 0.42306731933178865,
      "r2": 0.9370806727080283
    },
    "LightGBM": {
      "rmse": 0.3723144194372912,
      "r2": 0.9512712999060734
    },
    "CatBoost": {
      "rmse": 0.3544161438842218,
      "r2": 0.9558437579430723
    }
  }
}